id,type,articul,name,published,recommended?,visibility,short-description,description,discount-start-date,discount-end-date, tax-status,tax-class,stock?,reserves,amount-small-stocks,possible-pre-order?,sold-individually?,weight,length,width,height,allow-reviews-customers?,purchase-note,promotion-price,base-price,categories,tags,shipping-class,images,download limit,days-loading-time,parental,grouped-Products,upseil,crossels,url,button-text,position
20,simple,113,Солнце,1,0,visible,"Филка, Аврора, Банзай, Каппа, Хосомаки Такуан (41шт)",,,,taxable,,1,,,0,0,,,,,1,,,1100,Наборы,,,https://susi.pizza/wp-content/uploads/2022/05/solncze-1-scaled-1.jpg,,,,,,,,,0
21,simple,510,"Соус чесночный",1,0,visible,"Соус чесночный",,,,taxable,,1,,,0,0,,,,,1,,,15,"Закуски ФРИ",,,https://susi.pizza/wp-content/uploads/2022/05/1800_optimized.970.jpg,,,,,,,,,0
22,simple,509,"Сырный соус",1,0,visible,"Сырный соус",,,,taxable,,1,,,0,0,,,,,1,,,15,"Закуски ФРИ",,,https://susi.pizza/wp-content/uploads/2022/05/sous-chesnochnyj-15.jpg,,,,,,,,,0
23,simple,508,"Соус кисло-сладкий",1,0,visible,"Соус кисло-сладкий",,,,taxable,,1,,,0,0,,,,,1,,,15,"Закуски ФРИ",,,https://susi.pizza/wp-content/uploads/2022/05/¦b¦-tgtb-¦¦¦¬tb¦¬¦¦-tb¦¬¦-¦¦¦¦¬¦¦-15_optimized.jpg,,,,,,,,,0
24,simple,507,"Соус кетчуп",1,0,visible,"Соус кетчуп",,,,taxable,,1,,,0,0,,,,,1,,,15,"Закуски ФРИ",,,https://susi.pizza/wp-content/uploads/2022/05/¦b¦-tgtb-¦¦¦tvtztg¦¬-15_optimized.jpg,,,,,,,,,0
25,simple,506,"Соус барбекю",1,0,visible,"Соус барбекю",,,,taxable,,1,,,0,0,,,,,1,,,15,"Закуски ФРИ",,,https://susi.pizza/wp-content/uploads/2022/05/¦b¦-tgtb-¦s¦-ta¦-¦¦¦¦tmto-15_optimized.jpg,,,,,,,,,0
26,simple,505,Начос,1,0,visible,Начос,,,,taxable,,1,,,0,0,,,,,1,,,70,"Закуски ФРИ",,,https://susi.pizza/wp-content/uploads/2022/05/nachos-scaled-1.jpg,,,,,,,,,0
27,simple,504,"Луковые кольца",1,0,visible,"Луковые кольца",,,,taxable,,1,,,0,0,,,,,1,,,170,"Закуски ФРИ",,,https://susi.pizza/wp-content/uploads/2022/05/lukovye-kolcza-scaled-1.jpg,,,,,,,,,0
28,simple,503,"Куриные наггетсы",1,0,visible,Наггетсы,,,,taxable,,1,,,0,0,,,,,1,,,170,"Закуски ФРИ",,,https://susi.pizza/wp-content/uploads/2022/05/naggetsy-scaled-1.jpg,,,,,,,,,0
29,simple,502,"Картошка фри",1,0,visible,"Картошка фри",,,,taxable,,1,,,0,0,,,,,1,,,70,"Закуски ФРИ",,,https://susi.pizza/wp-content/uploads/2022/05/kartoshka-scaled-1.jpg,,,,,,,,,0
30,simple,501,Ассорти-Фри,1,0,visible,"Картошка фри, луковые кольца, начос, наггетсы ,",,,,taxable,,1,,,0,0,,,,,1,,,220,"Закуски ФРИ",,,https://susi.pizza/wp-content/uploads/2022/05/assorti-scaled-1.jpg,,,,,,,,,0
31,simple,415,Ями,1,0,visible,"Рис, лосось, сливочный сыр, огурец, сырная шапочка (8 шт)",,,,taxable,,1,,,0,0,,,,,1,,,290,"Запечённые роллы",,,https://susi.pizza/wp-content/uploads/2022/05/zakrytyj-syrnaya-scaled-1.jpg,,,,,,,,,0
32,simple,414,Чикен-Краб,1,0,visible,"Рис, копченная курица, сливочный сыр , огурец , крабовая шапочка (8 шт)",,,,taxable,,1,,,0,0,,,,,1,,,250,"Запечённые роллы",,,https://susi.pizza/wp-content/uploads/2022/05/zakrytyj-krabovaya.jpg,,,,,,,,,0
33,simple,413,"Чесночный буррито",1,0,visible,"Сырная лепешка ,рис, копченная курица, сливочный сыр , огурец , чесночная шапочка (8 шт)",,,,taxable,,1,,,0,0,,,,,1,,,260,"Запечённые роллы",,,https://susi.pizza/wp-content/uploads/2022/05/zakrytyj-chesnochnaya-scaled-1.jpg,,,,,,,,,0
34,simple,412,Хрустик,1,0,visible,"Рис, огурец, крабовая шапочка (8 шт)",,,,taxable,,1,,,0,0,,,,,1,,,160,"Запечённые роллы",,,https://susi.pizza/wp-content/uploads/2022/05/zakrytyj-krabovaya.jpg,,,,,,,,,0
35,simple,411,Халапеньо,1,0,visible,"Рис,лосось, острый перец халапеньо, сливочный сыр, огурец , сырная шапочка (8 шт)",,,,taxable,,1,,,0,0,,,,,1,,,270,"Запечённые роллы",,,https://susi.pizza/wp-content/uploads/2022/05/zakrytyj-syrnaya-scaled-1.jpg,,,,,,,,,0
36,simple,410,Унаги,1,0,visible,"Рис,жаренный угорь, сливочный сыр , огурец, сырная шапочка (8 шт)",,,,taxable,,1,,,0,0,,,,,1,,,350,"Запечённые роллы",,,https://susi.pizza/wp-content/uploads/2022/05/zakrytyj-syrnaya-scaled-1.jpg,,,,,,,,,0
37,simple,409,Сырный-сырный,1,0,visible,"Рис,омлет, сливочный сыр, огурец, сырная шапочка (8 шт)",,,,taxable,,1,,,0,0,,,,,1,,,250,"Запечённые роллы",,,https://susi.pizza/wp-content/uploads/2022/05/zakrytyj-syrnaya-scaled-1.jpg,,,,,,,,,0
38,simple,416,"Печёная рыбка",1,0,visible,"Рис, сливочный сыр, печенный лосось, печёная тилапия, сырная шапочка (8 шт)",,,,taxable,,1,,,0,0,,,,,1,,,250,"Запечённые роллы",,,https://susi.pizza/wp-content/uploads/2022/05/otkrytyj-syrnaya-scaled-1.jpg,,,,,,,,,0
39,simple,408,Паблос,1,0,visible,"Рис, копченная курица, сливочный сыр , огурец , чесночная шапочка (8 шт)",,,,taxable,,1,,,0,0,,,,,1,,,250,"Запечённые роллы",,,https://susi.pizza/wp-content/uploads/2022/05/zakrytyj-chesnochnaya-scaled-1.jpg,,,,,,,,,0
40,simple,407,"Мясная душа",1,0,visible,"Рис, копченная курица ,бекон, сливочный сыр , огурец ,плавленый сыр (8 шт)",,,,taxable,,1,,,0,0,,,,,1,,,250,"Запечённые роллы",,,https://susi.pizza/wp-content/uploads/2022/05/bolshe-myasa-scaled-1.jpg,,,,,,,,,0
41,simple,406,"Луковый буррито",1,0,visible,"Сырная лепешка ,рис, копченная курица, сливочный сыр , лук-фри , сырная шапочка (8 шт)",,,,taxable,,1,,,0,0,,,,,1,,,250,"Запечённые роллы",,,https://susi.pizza/wp-content/uploads/2022/05/otkrytyj-syrnaya-scaled-1.jpg,,,,,,,,,0
42,simple,405,Лука,1,0,visible,"Рис, лосось, сливочный сыр, огурец, крабовая шапочка (8 шт)",,,,taxable,,1,,,0,0,,,,,1,,,250,"Запечённые роллы",,,https://susi.pizza/wp-content/uploads/2022/05/zakrytyj-krabovaya.jpg,,,,,,,,,0
43,simple,404,Кристи,1,0,visible,"Рис, креветка, сливочный сыр, омлет, чесночная шапочка (8шт)",,,,taxable,,1,,,0,0,,,,,1,,,350,"Запечённые роллы",,,https://susi.pizza/wp-content/uploads/2022/05/zakrytyj-chesnochnaya-scaled-1.jpg,,,,,,,,,0
44,simple,403,Карамба,1,0,visible,"Рис, сливочный сыр, омлет, крабовая шапочка (8шт)",,,,taxable,,1,,,0,0,,,,,1,,,210,"Запечённые роллы",,,https://susi.pizza/wp-content/uploads/2022/05/zakrytyj-krabovaya.jpg,,,,,,,,,0
45,simple,402,"Запечённый буррито",1,0,visible,"Сырная лепешка , копченная курица, сливочный сыр, огурец , сырная шапочка (8 шт)",,,,taxable,,1,,,0,0,,,,,1,,,220,"Запечённые роллы",,,https://susi.pizza/wp-content/uploads/2022/05/zakrytyj-syrnaya-scaled-1.jpg,,,,,,,,,0
46,simple,401,Донбекон,1,0,visible,"Рис, бекон, сливочный сыр, огурец, сырная шапочка",,,,taxable,,1,,,0,0,,,,,1,,,220,"Запечённые роллы",,,https://susi.pizza/wp-content/uploads/2022/05/zakrytyj-syrnaya-scaled-1.jpg,,,,,,,,,0
47,simple,244,Чиполлино,1,0,visible,"Рис, копченная курица , сливочный сыр , огурец , лук-фри (8шт)",,,,taxable,,1,,,0,0,,,,,1,,,210,Роллы,,,https://susi.pizza/wp-content/uploads/2022/05/chipollino-scaled-1.jpg,,,,,,,,,0
48,simple,243,"Хрустящий лосось",1,0,visible,"Рис, печёный лосось, сливочный сыр, огурец, лук-фри (8шт)",,,,taxable,,1,,,0,0,,,,,1,,,240,Роллы,,,https://susi.pizza/wp-content/uploads/2022/05/hrustyashhij-losos-scaled-1.jpg,,,,,,,,,0
49,simple,242,"Хосомаки чука",1,0,visible,"Рис, водросли чука, соус Ореховый (8шт)",,,,taxable,,1,,,0,0,,,,,1,,,130,Роллы,,,https://susi.pizza/wp-content/uploads/2022/05/hosomaki-chuka-scaled-1.jpg,,,,,,,,,0
60,simple,240,"Хосомаки тунец",1,0,visible,"Рис, тунец (8шт)",,,,taxable,,1,,,0,0,,,,,1,,,170,Роллы,,,https://susi.pizza/wp-content/uploads/2022/05/hosomaki-tunecz-scaled-1.jpg,,,,,,,,,0
61,simple,239,"Хосомаки Такуан",1,0,visible,"Рис, такуан (8шт)",,,,taxable,,1,,,0,0,,,,,1,,,90,Роллы,,,https://susi.pizza/wp-content/uploads/2022/05/hosomaki-takuan-scaled-1.jpg,,,,,,,,,0
62,simple,238,"Хосомаки лосось",1,0,visible,"Рис, лосось (8шт)",,,,taxable,,1,,,0,0,,,,,1,,,170,Роллы,,,https://susi.pizza/wp-content/uploads/2022/05/hosomaki-losos-scaled-1.jpg,,,,,,,,,0
63,simple,237,"Хосомаки креветка",1,0,visible,"Рис, креветка ( 8 шт)",,,,taxable,,1,,,0,0,,,,,1,,,280,Роллы,,,https://susi.pizza/wp-content/uploads/2022/05/hosomaki-krevetka-scaled-1.jpg,,,,,,,,,0
64,simple,236,Фудзияма,1,0,visible,"Рис, лосось, сливочный сыр, огурец, икра-масаго (8 шт)",,,,taxable,,1,,,0,0,,,,,1,,,290,Роллы,,,https://susi.pizza/wp-content/uploads/2022/05/fudziyama-scaled-1.jpg,,,,,,,,,0
65,simple,235,Флори,1,0,visible,"Рис, печёный тилапия, сливочный сыр, огурец, икра-масаго (8шт)",,,,taxable,,1,,,0,0,,,,,1,,,270,Роллы,,,https://susi.pizza/wp-content/uploads/2022/05/flori-scaled-1.jpg,,,,,,,,,0
66,simple,234,"Филка вип",1,0,visible,"Рис,лосось,сливочный сыр, икра лосося (9 шт)",,,,taxable,,1,,,0,0,,,,,1,,,550,Роллы,,,https://susi.pizza/wp-content/uploads/2022/05/filka-vip-scaled-1.jpg,,,,,,,,,0
67,simple,233,Филка,1,0,visible,"Рис, лосось , огурец, сливочный сыр (9шт)",,,,taxable,,1,,,0,0,,,,,1,,,450,Роллы,,,https://susi.pizza/wp-content/uploads/2022/05/filka-scaled-1.jpg,,,,,,,,,0
68,simple,232,Туна,1,0,visible,"Рис, тунец , сливочный сыр, огурец, икра-масаго (8шт)",,,,taxable,,1,,,0,0,,,,,1,,,290,Роллы,,,https://susi.pizza/wp-content/uploads/2022/05/tuna-scaled-1.jpg,,,,,,,,,0
69,simple,231,Тинки-Винки,1,0,visible,"Рис, бекон, сливочный сыр, огурец, сырная шапочка (8шт)",,,,taxable,,1,,,0,0,,,,,1,,,290,Роллы,,,https://susi.pizza/wp-content/uploads/2022/05/tinki-vinki-scaled-1.jpg,,,,,,,,,0
77,simple,230,Такуна,1,0,visible,"Рис, масляная х/к, сливочный сыр, огурец, икра-масаго (8шт)",,,,taxable,,1,,,0,0,,,,,1,,,220,Роллы,,,https://susi.pizza/wp-content/uploads/2022/05/takuna-scaled-1.jpg,,,,,,,,,0
78,simple,229,"Сливочная курочка",1,0,visible,"Рис, лосось,сливочный сыр, такуан (8шт)",,,,taxable,,1,,,0,0,,,,,1,,,250,Роллы,,,https://susi.pizza/wp-content/uploads/2022/05/slivochnaya-kurochka-scaled-1.jpg,,,,,,,,,0
79,simple,228,"Салат Чука",1,0,visible,"Салат Чука",,,,taxable,,1,,,0,0,,,,,1,,,120,Роллы,,,https://susi.pizza/wp-content/uploads/2022/05/¦b¦-¦¬¦-tv-¦ztg¦¦¦-120_optimized.jpg,,,,,,,,,0
80,simple,227,Рыбонька,1,0,visible,"Рис,сливочный сыр, копч.курица , марин.огурец , икра-масаго (8шт)",,,,taxable,,1,,,0,0,,,,,1,,,220,Роллы,,,https://susi.pizza/wp-content/uploads/2022/05/rybonka-scaled-1.jpg,,,,,,,,,0
81,simple,226,Остряк,1,0,visible,"Рис, лосось , огурец, сливочный сыр, икра-масаго, острый соус Кимчи (8шт)",,,,taxable,,1,,,0,0,,,,,1,,,250,Роллы,,,https://susi.pizza/wp-content/uploads/2022/05/ostryak-scaled-1.jpg,,,,,,,,,0
82,simple,225,"Острая рыбка",1,0,visible,"Рис, лосось, тунец, сливочный сыр, острый соус Кимчи (8шт)",,,,taxable,,1,,,0,0,,,,,1,,,270,Роллы,,,https://susi.pizza/wp-content/uploads/2022/05/ostraya-rybka-scaled-1.jpg,,,,,,,,,0
83,simple,224,Оригами,1,0,visible,"Рис, лосось, омлет, сливочный сыр, икра-масаго (8шт)",,,,taxable,,1,,,0,0,,,,,1,,,280,Роллы,,,https://susi.pizza/wp-content/uploads/2022/05/origami-scaled-1.jpg,,,,,,,,,0
84,simple,223,Мясной,1,0,visible,"Рис,бекон, сливочный сыр , огурец (8шт)",,,,taxable,,1,,,0,0,,,,,1,,,250,Роллы,,,https://susi.pizza/wp-content/uploads/2022/05/myasnoj-scaled-1.jpg,,,,,,,,,0
85,simple,221,Морской,1,0,visible,"Рис, сливочный сыр, лосось, угорь, огурец, соус Унаги, кунжут (8шт)",,,,taxable,,1,,,0,0,,,,,1,,,450,Роллы,,,https://susi.pizza/wp-content/uploads/2022/05/morskoj-scaled-1.jpg,,,,,,,,,0
86,simple,220,Матата,1,0,visible,"Рис,лосось,сливочный сыр, омлет, крабовый крем. (8шт)",,,,taxable,,1,,,0,0,,,,,1,,,260,Роллы,,,https://susi.pizza/wp-content/uploads/2022/05/matata-scaled-1.jpg,,,,,,,,,0
87,simple,219,"Манила лосось",1,0,visible,"Рис, лосось , сливочный сыр, омлет (8шт)",,,,taxable,,1,,,0,0,,,,,1,,,220,Роллы,,,https://susi.pizza/wp-content/uploads/2022/05/manila-losos-scaled-1.jpg,,,,,,,,,0
88,simple,218,"Манила креветка",1,0,visible,"Рис,креветка, сливочный сыр, омлет (8шт)",,,,taxable,,1,,,0,0,,,,,1,,,290,Роллы,,,https://susi.pizza/wp-content/uploads/2022/05/manila-krevetka-scaled-1.jpg,,,,,,,,,0
89,simple,217,Лёгкий,1,0,visible,"Рис,омлет, сливочный сыр, икра-масаго (8шт)",,,,taxable,,1,,,0,0,,,,,1,,,190,Роллы,,,https://susi.pizza/wp-content/uploads/2022/05/lyogkij-scaled-1.jpg,,,,,,,,,0
90,simple,216,Каппа,1,0,visible,"Рис, огурец (8шт)",,,,taxable,,1,,,0,0,,,,,1,,,80,Роллы,,,https://susi.pizza/wp-content/uploads/2022/05/kappa-scaled-1.jpg,,,,,,,,,0
91,simple,215,морской,1,0,visible,"Рис, лосось , огурец, сливочный сыр, угорь, соус Унаги, кунжут (8шт)",,,,taxable,,1,,,0,0,,,,,1,,,450,Роллы,,,https://susi.pizza/wp-content/uploads/2022/05/kanada-scaled-1.jpg,,,,,,,,,0
92,simple,214,"Калифорния лосось",1,0,visible,"Рис,лосось, омлет , огурец, икра-масаго (8шт)",,,,taxable,,1,,,0,0,,,,,1,,,270,Роллы,,,https://susi.pizza/wp-content/uploads/2022/05/kaliforniya-losos-scaled-1.jpg,,,,,,,,,0
93,simple,213,"Калифорния креветка",1,0,visible,"Рис, креветка, омлет, огурец, икра-масаго (8шт)",,,,taxable,,1,,,0,0,,,,,1,,,300,Роллы,,,https://susi.pizza/wp-content/uploads/2022/05/kaliforniya-krevetka-scaled-1.jpg,,,,,,,,,0
94,simple,212,Икорка,1,0,visible,"Рис, сливочный сыр,икра лосося, огурец (8шт)",,,,taxable,,1,,,0,0,,,,,1,,,290,Роллы,,,https://susi.pizza/wp-content/uploads/2022/05/ikorka-scaled-1.jpg,,,,,,,,,0
100,simple,210,"Буррито Фиш",1,0,visible,"Сырная лепешка, сливочный сыр, масляная, х/к, огурец (8шт)",,,,taxable,,1,,,0,0,,,,,1,,,270,Роллы,,,https://susi.pizza/wp-content/uploads/2022/05/burrito-fish-scaled-1.jpg,,,,,,,,,0
101,simple,209,"Буррито со свежим огурцом",1,0,visible,"Сырная лепешка, сливочный сыр, копченая курица, марин.огурец, помидор (8шт)",,,,taxable,,1,,,0,0,,,,,1,,,190,Роллы,,,https://susi.pizza/wp-content/uploads/2022/05/burrito-scaled-1.jpg,,,,,,,,,0
102,simple,207,Бонито,1,0,visible,"Рис, сливочный сыр, печёный лосось, огурец, стружка Тунца (8шт)",,,,taxable,,1,,,0,0,,,,,1,,,290,Роллы,,,https://susi.pizza/wp-content/uploads/2022/05/bonito-scaled-1.jpg,,,,,,,,,0
103,simple,206,"Больше мяса",1,0,visible,"Рис, сливочный сыр, копч.курица, бекон, плавленный сыр (8шт)",,,,taxable,,1,,,0,0,,,,,1,,,240,Роллы,,,https://susi.pizza/wp-content/uploads/2022/05/bolshe-myasa-scaled-1.jpg,,,,,,,,,0
104,simple,205,"Барбекю Фри",1,0,visible,"Сырная лепешка, копч.курица, сливочный сыр, огурец, соус Барбекью, лук-фри (8шт)",,,,taxable,,1,,,0,0,,,,,1,,,250,Роллы,,,https://susi.pizza/wp-content/uploads/2022/05/barbekyu-fri-scaled-1.jpg,,,,,,,,,0
111,simple,204,Банзай,1,0,visible,"Рис, лосось, сливочный сыр, огурец (8шт)",,,,taxable,,1,,,0,0,,,,,1,,,230,Роллы,,,https://susi.pizza/wp-content/uploads/2022/05/banzaj-scaled-1.jpg,,,,,,,,,0
112,simple,202,Амигос,1,0,visible,"Рис, сливочный сыр, лосось, угорь, огурец, соус Унаги, кунжут (8шт)",,,,taxable,,1,,,0,0,,,,,1,,,220,Роллы,,,https://susi.pizza/wp-content/uploads/2022/05/amigos-scaled-1.jpg,,,,,,,,,0
113,simple,201,Аврора,1,0,visible,"Рис, сливочный сыр, омлет, огурец, крабовый крем. (8шт)",,,,taxable,,1,,,0,0,,,,,1,,,190,Роллы,,,https://susi.pizza/wp-content/uploads/2022/05/matata-scaled-1.jpg,,,,,,,,,0
114,simple,101,Восторг,1,0,visible,"Филка, Хосомаки Такуан, Буррито, Банзай, Чиполлино, Аврора, Оригиами, Бонито, Сливочная курочка, Хосомаки лосось,Фудзияма (89)",,,,taxable,,1,,,0,0,,,,,1,,,2300,Наборы,,,https://susi.pizza/wp-content/uploads/2022/05/vostorg-scaled-1.jpg,,,,,,,,,0
115,simple,108,Друзья,1,0,visible,"Филка, Калифорния лосось, Каппа, Хосомаки Лосось, Хосомаки Чука,Хосомаки Такуан, Буррито, Лёгкий (65шт)",,,,taxable,,1,,,0,0,,,,,1,,,1700,Наборы,,,https://susi.pizza/wp-content/uploads/2022/05/druzya-scaled-1.jpg,,,,,,,,,0
116,simple,102,Жара,1,0,visible,"Темпура Лосось, Темпура Крабик, Темпура в шапочке, Темпура Кура (32шт)",,,,taxable,,1,,,0,0,,,,,1,,,670,Наборы,,,https://susi.pizza/wp-content/uploads/2022/05/zhara-scaled-1.jpg,,,,,,,,,0
124,simple,114,Космос,1,0,visible,"Филка, Банзай, Аврора, Хосомаки Такуан, Хрустящий лосось, Хосомаки Чука, Хосомаки Лосось (65шт)",,,,taxable,,1,,,0,0,,,,,1,,,1700,Наборы,,,https://susi.pizza/wp-content/uploads/2022/05/kosmos-scaled-1.jpg,,,,,,,,,0
125,simple,103,Люкс,1,0,visible,"Филка, Буррто, Калифорния Лосось, Лёгкий (33шт)",,,,taxable,,1,,,0,0,,,,,1,,,1100,Наборы,,,https://susi.pizza/wp-content/uploads/2022/05/lyuks-scaled-1.jpg,,,,,,,,,0
126,simple,115,Пикник,1,0,visible,"Филка, Рыбонька, Каппа, Бонито, Хосомаки Такуан (41шт)",,,,taxable,,1,,,0,0,,,,,1,,,1100,Наборы,,,https://susi.pizza/wp-content/uploads/2022/05/piknik-scaled-1.jpg,,,,,,,,,0
127,simple,104,По-японски,1,0,visible,"Хосомаки лосось, Каппа, Хосомаки Тунец, Хосомаки Чука (32шт)",,,,taxable,,1,,,0,0,,,,,1,,,450,Наборы,,,https://susi.pizza/wp-content/uploads/2022/05/po-yaponski-scaled-1.jpg,,,,,,,,,0
128,simple,105,Ребус,1,0,visible,"Сырный-сырный, Норман, Чикен-краб, Темпура лосось (32шт)",,,,taxable,,1,,,0,0,,,,,1,,,900,Наборы,,,https://susi.pizza/wp-content/uploads/2022/05/rebus-scaled-1.jpg,,,,,,,,,0
129,simple,106,Роза-Хутор,1,0,visible,"Аврора, Буррито, Сливочная Курочка, Оригами (32шт)",,,,taxable,,1,,,0,0,,,,,1,,,850,Наборы,,,https://susi.pizza/wp-content/uploads/2022/05/rozahutor-scaled-1.jpg,,,,,,,,,0
130,simple,111,Русалочка,1,0,visible,"Филка, Банзай, Аврора, Рыбонька (33шт)",,,,taxable,,1,,,0,0,,,,,1,,,1000,Наборы,,,https://susi.pizza/wp-content/uploads/2022/05/rusalochka-scaled-1.jpg,,,,,,,,,0
137,simple,110,Сушиман,1,0,visible,"Темпура Лосось, Темпура Крабик, Темпура Комбо (24шт)",,,,taxable,,1,,,0,0,,,,,1,,,590,Наборы,,,https://susi.pizza/wp-content/uploads/2022/05/dizajn-bez-nazvaniya-2.png,,,,,,,,,0
138,simple,107,"То, что надо!",1,0,visible,"Филка, Банзай, Темпура в шапочке, Темпура Кура , Печёная рыбка , Сырный-сырный (49шт)",,,,taxable,,1,,,0,0,,,,,1,,,1700,Наборы,,,https://susi.pizza/wp-content/uploads/2022/05/to-chto-nado-scaled-1.jpg,,,,,,,,,0
139,simple,317,"Филка Темпура",1,0,visible,"Рис, лосось, сливочный сыр, огурец, кляр, сухари-панко (9шт)",,,,taxable,,1,,,0,0,,,,,1,,,470,"Роллы Темпура",,,https://susi.pizza/wp-content/uploads/2022/05/tempura-tempura-scaled-1.jpg,,,,,,,,,0
140,simple,316,"Темпура Угорь",1,0,visible,"Рис, жаренный угорь, сливочный сыр, огурец, кляр, сухари-панко (8шт)",,,,taxable,,1,,,0,0,,,,,1,,,350,"Роллы Темпура",,,https://susi.pizza/wp-content/uploads/2022/05/tempura-ugor-scaled-1.jpg,,,,,,,,,0
141,simple,315,"Темпура Такуан",1,0,visible,"Рис, копченая курица, сливочный сыр, такуан, кляр, сухари-панко (8шт)",,,,taxable,,1,,,0,0,,,,,1,,,220,"Роллы Темпура",,,https://susi.pizza/wp-content/uploads/2022/05/tempura-takuan-scaled-1.jpg,,,,,,,,,0
142,simple,314,"Темпура Лосось",1,0,visible,"Рис, лосось, сливочный сыр, огурец, кляр, сухари-панко (8шт)",,,,taxable,,1,,,0,0,,,,,1,,,250,"Роллы Темпура",,,https://susi.pizza/wp-content/uploads/2022/05/tempura-losos-scaled-1.jpg,,,,,,,,,0
149,simple,313,"Темпура Кура",1,0,visible,"Рис, копченная курица, сливочный сыр, огурец, кляр, сухари-панко (8шт)",,,,taxable,,1,,,0,0,,,,,1,,,190,"Роллы Темпура",,,https://susi.pizza/wp-content/uploads/2022/05/tempura-kura-scaled-1.jpg,,,,,,,,,0
150,simple,311,"Темпура Крабик",1,0,visible,"Рис, крабовый крем, сливочный сыр, огурец, кляр, сухари-панко (8шт)",,,,taxable,,1,,,0,0,,,,,1,,,220,"Роллы Темпура",,,https://susi.pizza/wp-content/uploads/2022/05/tempura-krabik-scaled-1.jpg,,,,,,,,,0
151,simple,310,"Темпура Комбо",1,0,visible,"Сырная лепешка, рис, копченная курица, сливочный сыр, огурец, плавленный сыр, кляр, сухари-панко (8шт)",,,,taxable,,1,,,0,0,,,,,1,,,260,"Роллы Темпура",,,https://susi.pizza/wp-content/uploads/2022/05/tempura-kombo-scaled-1.jpg,,,,,,,,,0
152,simple,309,"Темпура в шапочке",1,0,visible,"Рис, крабовый крем, сливочный сыр, омлет, кляр, сухари- панко (8шт)",,,,taxable,,1,,,0,0,,,,,1,,,240,"Роллы Темпура",,,https://susi.pizza/wp-content/uploads/2022/05/tempura-v-shapochke-scaled-1.jpg,,,,,,,,,0
153,simple,308,"Темпура буррито Эби",1,0,visible,"Сырная лепешка, креветка, лосось, сливочный сыр, огурец, кляр, сухари-панко (8шт)",,,,taxable,,1,,,0,0,,,,,1,,,330,"Роллы Темпура",,,https://susi.pizza/wp-content/uploads/2022/05/tempura-burrito-ebi-scaled-1.jpg,,,,,,,,,0
154,simple,307,"Темпура буррито",1,0,visible,"Сырная лепешка, копченная курица, сливочный сыр, огурец, помидор, кляр, сухари-панко (8шт)",,,,taxable,,1,,,0,0,,,,,1,,,220,"Роллы Темпура",,,https://susi.pizza/wp-content/uploads/2022/05/tempura-burrito-scaled-1.jpg,,,,,,,,,0
161,simple,306,"Темпура бекон",1,0,visible,,,,,taxable,,1,,,0,0,,,,,1,,,230,"Роллы Темпура",,,https://susi.pizza/wp-content/uploads/2022/05/tempura-bekon-scaled-1.jpg,,,,,,,,,0
162,simple,305,"Таки Темпура",1,0,visible,"Рис, лосось, сливочный сыр, такуан, кляр, сухари-панко (8шт)",,,,taxable,,1,,,0,0,,,,,1,,,260,"Роллы Темпура",,,https://susi.pizza/wp-content/uploads/2022/05/taki-tempura-scaled-1.jpg,,,,,,,,,0
163,simple,318,"Сладкая Темпура",1,0,visible,"Сырная лепешка, рис, ананас, сливочный сыр, сахарная пудра, кляр, сухари-панко (8шт)",,,,taxable,,1,,,0,0,,,,,1,,,190,"Роллы Темпура",,,https://susi.pizza/wp-content/uploads/2022/05/sladkaya-tempura-scaled-1.jpg,,,,,,,,,0
164,simple,303,"Луковый лосось",1,0,visible,"Рис,лосось, огурец, сливочный сыр, лук-фри, кляр-панко (8шт)",,,,taxable,,1,,,0,0,,,,,1,,,250,"Роллы Темпура",,,https://susi.pizza/wp-content/uploads/2022/05/lukovyj-losos-scaled-1.jpg,,,,,,,,,0
165,simple,302,"Деревенская Темпура",1,0,visible,"Рис, копченая курица, сливочный сыр, лук-фри, кляр, сухари-панко (8шт)",,,,taxable,,1,,,0,0,,,,,1,,,220,"Роллы Темпура",,,https://susi.pizza/wp-content/uploads/2022/05/derevenskaya-tempura-scaled-1.jpg,,,,,,,,,0
166,simple,319,"Гавайская темпура",1,0,visible,"Рис, ананас, сливочный сыр , копченная курица, кляр, сухари-панко (8шт)",,,,taxable,,1,,,0,0,,,,,1,,,250,"Роллы Темпура",,,https://susi.pizza/wp-content/uploads/2022/05/gavajskaya-tempura-scaled-1.jpg,,,,,,,,,0
167,simple,301,"Белая темпура",1,0,visible,"Рис, печёный тилапия, сливочный сыр, огурец, кляр, сухари-панко (8шт)",,,,taxable,,1,,,0,0,,,,,1,,,230,"Роллы Темпура",,,https://susi.pizza/wp-content/uploads/2022/05/belaya-tempura-scaled-1.jpg,,,,,,,,,0
174,simple,211,Дракон,1,0,visible,"Рис, сливочный сыр, жаренный угорь в сладком соусе, огурец, икра-масаго",,,,taxable,,1,,,0,0,,,,,1,,,320,Роллы,,,https://susi.pizza/wp-content/uploads/2022/05/drakon-scaled-1.jpg,,,,,,,,,0
175,simple,241,"Хосомаки Угорь",1,0,visible,"Рис, угорь, соус Унаги, кунжут.",,,,taxable,,1,,,0,0,,,,,1,,,280,Роллы,,,https://susi.pizza/wp-content/uploads/2022/05/hosomaki-ugor-scaled-1.jpg,,,,,,,,,0
176,simple,112,Парус,1,0,visible,"Филка, Рыбоноька, Темпура Кура, Темпура в шапочке, Паблос, Сырный-сырный",,,,taxable,,1,,,0,0,,,,,1,,,1600,Наборы,,,https://susi.pizza/wp-content/uploads/2022/05/parus-scaled-1.jpg,,,,,,,,,0
177,simple,109,Радуга,1,0,visible,"Филка, Рыбонька, Темпура Кура, Темпура  в шапочке, Паблос, Сырный-сырный (49шт)",,,,taxable,,1,,,0,0,,,,,1,,,1400,Наборы,,,https://susi.pizza/wp-content/uploads/2022/05/raduga-scaled-1.jpg,,,,,,,,,0
178,simple,304,Норман,1,0,visible,"Рис, омлет, огурец, сливочный сыр, икра-масаго, кляр, сухари панко.",,,,taxable,,1,,,0,0,,,,,1,,,250,"Роллы Темпура",,,https://susi.pizza/wp-content/uploads/2022/05/norman-scaled-1.jpg,,,,,,,,,0
179,simple,312,"Темпура креветка",1,0,visible,"Рис, креветка, сливочный сыр, омлет, кляр, сухари-панко",,,,taxable,,1,,,0,0,,,,,1,,,300,"Роллы Темпура",,,https://susi.pizza/wp-content/uploads/2022/05/tempura-krevetka-scaled-1.jpg,,,,,,,,,0
180,simple,606,"BonAqua 1 литр, газированная",1,0,visible,,,,,taxable,,1,,,0,0,,,,,1,,,60,Напитки,,,https://susi.pizza/wp-content/uploads/2022/05/ggy-ei_nqwg.jpg,,,,,,,,,0
188,simple,607,"BonAqua 1 литр, не газированная",1,0,visible,,,,,taxable,,1,,,0,0,,,,,1,,,60,Напитки,,,https://susi.pizza/wp-content/uploads/2022/05/gsf0fvwjqws.jpg,,,,,,,,,0
189,simple,612,"Coca-Cola 0,33 литра",1,0,visible,,,,,taxable,,1,,,0,0,,,,,1,,,40,Напитки,,,https://susi.pizza/wp-content/uploads/2022/05/yjwaxqbfuhc.jpg,,,,,,,,,0
190,simple,601,"Coca-Cola 0,5 литра",1,0,visible,,,,,taxable,,1,,,0,0,,,,,1,,,60,Напитки,,,https://susi.pizza/wp-content/uploads/2022/05/4iymqfuwvbg.jpg,,,,,,,,,0
191,simple,602,"Coca-Cola 0,9 литра",1,0,visible,,,,,taxable,,1,,,0,0,,,,,1,,,75,Напитки,,,https://susi.pizza/wp-content/uploads/2022/05/5gxuaamrjgy.jpg,,,,,,,,,0
192,simple,609,"Coca-Cola 2 литра",1,0,visible,,,,,taxable,,1,,,0,0,,,,,1,,,120,Напитки,,,https://susi.pizza/wp-content/uploads/2022/05/pd-ghsjzd6w.jpg,,,,,,,,,0
193,simple,614,"Fanta 0,9 литра",1,0,visible,"0,9 л",,,,taxable,,1,,,0,0,,,,,1,,,75,Напитки,,,https://susi.pizza/wp-content/uploads/2022/05/zflwi_1k-zq.jpg,,,,,,,,,0
194,simple,610,"Fanta 0,5 литра",1,0,visible,,,,,taxable,,1,,,0,0,,,,,1,,,60,Напитки,,,https://susi.pizza/wp-content/uploads/2022/05/pu3ow7yjdn8.jpg,,,,,,,,,0
201,simple,608,"Fanta 0,33 литра",1,0,visible,,,,,taxable,,1,,,0,0,,,,,1,,,40,Напитки,,,https://susi.pizza/wp-content/uploads/2022/05/img_9113.jpg,,,,,,,,,0
202,simple,604,"Fanta 2 литра",1,0,visible,,,,,taxable,,1,,,0,0,,,,,1,,,120,Напитки,,,https://susi.pizza/wp-content/uploads/2022/05/eh445ln8vuq.jpg,,,,,,,,,0
203,simple,611,"Sprite 0,33 литра",1,0,visible,"0,33",,,,taxable,,1,,,0,0,,,,,1,,,40,Напитки,,,https://susi.pizza/wp-content/uploads/2022/05/wcnq_urmtui.jpg,,,,,,,,,0
204,simple,603,"Sprite 0,5 литра",1,0,visible,"0,5",,,,taxable,,1,,,0,0,,,,,1,,,60,Напитки,,,https://susi.pizza/wp-content/uploads/2022/05/6kovev_hupe.jpg,,,,,,,,,0
205,simple,605,"Sprite 2 литра",1,0,visible,,,,,taxable,,1,,,0,0,,,,,1,,,120,Напитки,,,https://susi.pizza/wp-content/uploads/2022/05/ekpkmqrktiq.jpg,,,,,,,,,0
206,simple,613,"Sprite 0,9 литра",1,0,visible,,,,,taxable,,1,,,0,0,,,,,1,,,75,Напитки,,,https://susi.pizza/wp-content/uploads/2022/05/ymzder5xnvy.jpg,,,,,,,,,0
212,simple,222,Москва,1,0,visible,"Рис, сливочный сыр, икра лосося, огурец, лосось (8шт)",,,,taxable,,1,,,0,0,,,,,1,,,450,Роллы,,,https://susi.pizza/wp-content/uploads/2022/05/moskva-scaled-1.jpg,,,,,,,,,0
213,simple,710,Школьная,1,0,visible,"Копченная курица, ветчина, маринованный огурец, соус Тар-тар, сыр",,,,taxable,,1,,,0,0,,,,,1,,,510,Пицца,,,https://susi.pizza/wp-content/uploads/2022/05/imgonline-com-ua-resize-1i3uyjgbo8pjlrkd_optimized_optimized.png,,,,,,,,,0
214,simple,717,"Четыре сезона",1,0,visible,"Пепперони, ветчина, копченная курица, маринованный огурец, соус BBQ, ветчина. опята. соус тысяча островов, охотничьи колбаски, грибы, томатный соус. сыр",,,,taxable,,1,,,0,0,,,,,1,,,480,Пицца,,,https://susi.pizza/wp-content/uploads/2022/05/4-sezona_optimized.png,,,,,,,,,0
215,simple,713,Тар-тар,1,0,visible,,"Бекон, копченная курица, шампиньоны, маринованный лук. соус Тар-Тар, сыр",,,taxable,,1,,,0,0,,,,,1,,,510,Пицца,,,https://susi.pizza/wp-content/uploads/2022/05/tar-tar_optimized.png,,,,,,,,,0
216,simple,704,"Та самая",1,0,visible,"Бекон, ветчина. маринованный лук. маринованный огурец. томатный соус. сыр",,,,taxable,,1,,,0,0,,,,,1,,,440,Пицца,,,https://susi.pizza/wp-content/uploads/2022/05/ta-samaya_optimized.png,,,,,,,,,0
223,simple,702,Средне-Острая,1,0,visible,"Охотничьи колбаски. ветчина. болгарский перец. острый перец Халапеньо. острый соус Кимчи. томатный соус. сыр",,,,taxable,,1,,,0,0,,,,,1,,,440,Пицца,,,https://susi.pizza/wp-content/uploads/2022/05/sredne-ostraya_optimized.png,,,,,,,,,0
224,simple,711,Спортивная,1,0,visible,"Пепперони. шампьньены. помидоры. томатный соус. сыр",,,,taxable,,1,,,0,0,,,,,1,,,440,Пицца,,,https://susi.pizza/wp-content/uploads/2022/05/sportivnaya_optimized.png,,,,,,,,,0
225,simple,701,Популярная,1,0,visible,"Ветчина. копченная курица, маринованный огурец , томатный соус. сыр",,,,taxable,,1,,,0,0,,,,,1,,,440,Пицца,,,https://susi.pizza/wp-content/uploads/2022/05/populyarnaya_optimized.png,,,,,,,,,0
226,simple,716,Пепперони,1,0,visible,"Пепперони, томатный соус. сыр",,,,taxable,,1,,,0,0,,,,,1,,,430,Пицца,,,https://susi.pizza/wp-content/uploads/2022/05/pepperoni_optimized.png,,,,,,,,,0
227,simple,708,"Острое мясо",1,0,visible,"Ветчина, пепперони, острый перец халапеньо. томатный соус, сыр",,,,taxable,,1,,,0,0,,,,,1,,,440,Пицца,,,https://susi.pizza/wp-content/uploads/2022/05/ostroe-myaso_optimized.png,,,,,,,,,0
228,simple,706,Мясная,1,0,visible,"Салями, ветчина, охотничьи колбаски, помидоры, томатный соус, сыр",,,,taxable,,1,,,0,0,,,,,1,,,520,Пицца,,,https://susi.pizza/wp-content/uploads/2022/05/masnaya_optimized.png,,,,,,,,,0
234,simple,715,Морская,1,0,visible,"Лосось. соус Тар-тар, сыр",,,,taxable,,1,,,0,0,,,,,1,,,560,Пицца,,,https://susi.pizza/wp-content/uploads/2022/05/morskaya_optimized.png,,,,,,,,,0
235,simple,707,"Много мяса",1,0,visible,"Салями, ветчина, пепперони , охотничьи колбаски, шампиньоны, томатный соус, сыр",,,,taxable,,1,,,0,0,,,,,1,,,460,Пицца,,,https://susi.pizza/wp-content/uploads/2022/05/mnogo-myasa_optimized.png,,,,,,,,,0
236,simple,703,Маргарита,1,0,visible,"Помидоры. томатный соус. Сыр",,,,taxable,,1,,,0,0,,,,,1,,,410,Пицца,,,https://susi.pizza/wp-content/uploads/2022/05/margarita_optimized.png,,,,,,,,,0
237,simple,718,"Двойной бекон",1,0,visible,"Бекон. помидор. шампьньоны. соус Тар-тар, сыр",,,,taxable,,1,,,0,0,,,,,1,,,450,Пицца,,,https://susi.pizza/wp-content/uploads/2022/05/dvojnoj-bekon_optimized.png,,,,,,,,,0
238,simple,720,Гавайи,1,0,visible,"Копченная курица, ветчина, ананас, томатный соус,сыр",,,,taxable,,1,,,0,0,,,,,1,,,510,Пицца,,,https://susi.pizza/wp-content/uploads/2022/05/gavaji.png,,,,,,,,,0
247,simple,719,Вегетарианская,1,0,visible,"Помидор. грибы. болгарский перец. маслины. томатный соус. сыр",,,,taxable,,1,,,0,0,,,,,1,,,430,Пицца,,,https://susi.pizza/wp-content/uploads/2022/05/vegetarianskaya_optimized.png,,,,,,,,,0
248,simple,709,Болгарская,1,0,visible,"Копченная курица. ветчина. болгарский перец. маринованный лук, соус Тар-тар. сыр",,,,taxable,,1,,,0,0,,,,,1,,,520,Пицца,,,https://susi.pizza/wp-content/uploads/2022/05/bolgarskaya_optimized.png,,,,,,,,,0
249,simple,714,Ассорти,1,0,visible,"Охотничьи колбаски. ветчина. маринованный лук. болгарский перец. томатный соус. сыр",,,,taxable,,1,,,0,0,,,,,1,,,510,Пицца,,,https://susi.pizza/wp-content/uploads/2022/05/assarti_optimized.png,,,,,,,,,0
250,simple,712,Барбекю,1,0,visible,"Ветчина. охотничьи колбаски, маринованный огурец. соус BBQ . томатный соус, сыр",,,,taxable,,1,,,0,0,,,,,1,,,460,Пицца,,,https://susi.pizza/wp-content/uploads/2022/05/barbekyu_optimized.png,,,,,,,,,0
251,simple,705,"1000 островов",1,0,visible,"Копченная курица. грибы, маринованные огурец, соус тысяча островов. томатный соус, сыр",,,,taxable,,1,,,0,0,,,,,1,,,460,Пицца,,,https://susi.pizza/wp-content/uploads/2022/05/1000_optimized.png,,,,,,,,,0
252,simple,203,Баланс,1,0,visible,"Рис, лосось, водоросли чука, сливочный сыр, огурец, соус Ореховый",,,,taxable,,1,,,0,0,,,,,1,,,280,Роллы,,,https://susi.pizza/wp-content/uploads/2022/05/balans-scaled-1.jpg,,,,,,,,,0
253,simple,245,"Филадельфия лайт",1,0,visible,"Рис, лосось, огурец, сливочный сыр",,,,taxable,,1,,,0,0,,,,,1,,,300,Роллы,,,https://susi.pizza/wp-content/uploads/2022/05/yro_bkkaiaw.jpg,,,,,,,,,0
254,simple,116,Фламинго,1,0,visible,"Аврора, Темпура крабик, Сырный-сырный, Темпура в шапочке",,,,taxable,,1,,,0,0,,,,,1,,,730,Наборы,,,https://susi.pizza/wp-content/uploads/2022/05/e9ohnexhd9q.jpg,,,,,,,,,0
262,simple,117,Дуэт,1,0,visible,"Лосось темпура, Темпура крабик, Сливочная курочка, Рыбонька",,,,taxable,,1,,,0,0,,,,,1,,,840,Наборы,,,https://susi.pizza/wp-content/uploads/2022/05/tz-vthklaoy.jpg,,,,,,,,,0
263,simple,118,Ходовой,1,0,visible,"Запеченый бурито, Лука, Филадельфия лайт, Чиполлино",,,,taxable,,1,,,0,0,,,,,1,,,860,Наборы,,,https://susi.pizza/wp-content/uploads/2022/05/dizajn-bez-nazvaniya-1.png,,,,,,,,,0
264,simple,119,Перекус,1,0,visible,"Манила лосось, Сливочная курочка, Рыбонька",,,,taxable,,1,,,0,0,,,,,1,,,540,Наборы,,,https://susi.pizza/wp-content/uploads/2022/05/xtcj-ws08xo.jpg,,,,,,,,,0
265,simple,120,Лайт,1,0,visible,"Филадельфия лайт, Рыбонька, Чиполлино",,,,taxable,,1,,,0,0,,,,,1,,,630,Наборы,,,https://susi.pizza/wp-content/uploads/2022/05/dizajn-bez-nazvaniya.png,,,,,,,,,0
